Account Number,Account Name,Crid,Asset,Hostname,Name,Price,Role,Product,Owner,Notes
18390,Project Y -- Glam Media,45133,NA,NA,M-Gigabit Private Network, $199.99 ,Network,OPS,Techops,NA
18390,Project Y -- Glam Media,45089,,app81,M-AdvancedPath - Upgrade RAM to 8 GB Total, $-   ,,,,
18390,Project Y -- Glam Media,45134,NA,NA,M-Gigabit Private Network, $199.99 ,Network,OPS,Techops,NA
18390,Project Y -- Glam Media,45092,,app82,M-AdvancedPath - Upgrade RAM to 8 GB Total, $-   ,,,,
18390,Project Y -- Glam Media,45135,NA,NA,M-Gigabit Private Network, $199.99 ,Network,OPS,Techops,NA
18390,Project Y -- Glam Media,45095,,app80,M-AdvancedPath - Upgrade RAM to 8 GB Total, $-   ,,,,
18390,Project Y -- Glam Media,59471,NA,NA,M-COLO-Unmetered 100Mbps FastE Connection," $1,425.00 ",Bandwidth,OPS,Techops,NA
18390,Project Y -- Glam Media,45098,,app83,M-AdvancedPath - Upgrade RAM to 8 GB Total, $-   ,,,,
18390,Project Y -- Glam Media,70912,NA,NA,M-Cloud Connect (1000Mbps) - Connect  up to 5 servers to GoGrid, $199.99 ,Bandwidth,OPS,Techops,NA
18390,Project Y -- Glam Media,45101,,app84,M-AdvancedPath - Upgrade RAM to 8 GB Total, $-   ,,,,
18390,Project Y -- Glam Media,45104,,app87,M-AdvancedPath - Upgrade RAM to 8 GB Total, $-   ,,,,
18390,Project Y -- Glam Media,45107,,app85,M-AdvancedPath - Upgrade RAM to 8 GB Total, $-   ,NA,,NA,
18390,Project Y -- Glam Media,45110,,app86,M-AdvancedPath - Upgrade RAM to 8 GB Total, $-   ,,,,
18390,Project Y -- Glam Media,45113,,app89,M-AdvancedPath - Upgrade RAM to 8 GB Total, $-   ,,,,
18390,Project Y -- Glam Media,79880,NA,NA,M-Custom Hardware," $2,500.00 ",CustomHardware,Ops,Techops,NA
18390,Project Y -- Glam Media,45116,,app88,M-AdvancedPath - Upgrade RAM to 8 GB Total, $-   ,,,,
18390,Project Y -- Glam Media,73017,AS-09409,dbus05,M-AdvancedPath, $210.00 ,DBUS,Database,DBTeam,NA
18390,Project Y -- Glam Media,45119,,app90,M-AdvancedPath - Upgrade RAM to 8 GB Total, $-   ,,,,
18390,Project Y -- Glam Media,73014,AS-09408,dbus04,M-AdvancedPath, $210.00 ,DBUS,Database,DBTeam,The hostname and Asset was missing in original sheet from mayur
18390,Project Y -- Glam Media,45122,,app91,M-AdvancedPath - Upgrade RAM to 8 GB Total, $-   ,,,,
18390,Project Y -- Glam Media,69947,AS-09407,dbus03,M-AdvancedPath, $210.00 ,DBUS,Database,DBTeam,NA
18390,Project Y -- Glam Media,45125,,app93,M-AdvancedPath - Upgrade RAM to 8 GB Total, $-   ,,,,
18390,Project Y -- Glam Media,73008,AS-09406,dbus02,M-AdvancedPath, $210.00 ,DBUS,Database,DBTeam,NA
18390,Project Y -- Glam Media,45128,,app92,M-AdvancedPath - Upgrade RAM to 8 GB Total, $-   ,,,,
18390,Project Y -- Glam Media,73005,AS-09344,dbus01,M-AdvancedPath, $210.00 ,DBUS,Database,DBteam,marked as app231 in the original sheet
18390,Project Y -- Glam Media,45131,,app94,M-AdvancedPath - Upgrade RAM to 8 GB Total, $-   ,,,,
18390,Project Y -- Glam Media,73002,AS-09343,dbus00,M-AdvancedPath, $210.00 ,DBUS,Database,DBTeam,Marked as app230 in the original sheet
18390,Project Y -- Glam Media,70007,AS-08917,cshdpm6,M-AdvancedPath, $210.00 ,HadoopMngt,Hadoop,HadoopTeam,NA
18390,Project Y -- Glam Media,70004,AS-08916,cshdpm4,M-AdvancedPath, $210.00 ,HadoopMngt,Hadoop,HadoopTeam,"cshdpm4  twice , cshdpm5 missing , so I assume its cshdpm5"
18390,Project Y -- Glam Media,72999,AS-09405,cshdpm4,M-AdvancedPath, $210.00 ,HadoopMngt,Hadoop,HadoopTeam,"cshdpm4  twice , cshdpm5 missing , so I assume its cshdpm5"
18390,Project Y -- Glam Media,72996,AS-09401,cshdpm3,M-AdvancedPath, $210.00 ,HadoopMngt,Hadoop,HadoopTeam,NA
18390,Project Y -- Glam Media,72993,AS-09540,cshdpm2,M-AdvancedPath, $210.00 ,HadoopMngt,Hadoop,HadoopTeam,NA
18390,Project Y -- Glam Media,72990,AS-09331,cshdpm1,M-AdvancedPath, $210.00 ,HadoopMngt,Hadoop,HadoopTeam,NA
18390,Project Y -- Glam Media,79862,AS-10095,cshdp99,M-AdvancedPath, $315.00 ,HadoopDataNode,Hadoop,HadoopTeam,NA
18390,Project Y -- Glam Media,79858,AS-09341,cshdp98,M-AdvancedPath, $315.00 ,HadoopDataNode,Hadoop,HadoopTeam,NA
18390,Project Y -- Glam Media,79854,AS-07581,cshdp97,M-AdvancedPath, $315.00 ,HadoopDataNode,Hadoop,HadoopTeam,NA
18390,Project Y -- Glam Media,79850,AS-07580,cshdp96,M-AdvancedPath, $315.00 ,HadoopDataNode,Hadoop,HadoopTeam,NA
18390,Project Y -- Glam Media,79846,AS-08077,cshdp95,M-AdvancedPath, $315.00 ,HadoopDataNode,Hadoop,HadoopTeam,NA
18390,Project Y -- Glam Media,79842,AS-08661,cshdp94,M-AdvancedPath, $315.00 ,HadoopDataNode,Hadoop,HadoopTeam,NA
18390,Project Y -- Glam Media,79838,AS-07778,cshdp93,M-AdvancedPath, $315.00 ,HadoopDataNode,Hadoop,HadoopTeam,NA
18390,Project Y -- Glam Media,79834,AS-07752,cshdp92,M-AdvancedPath, $315.00 ,HadoopDataNode,Hadoop,HadoopTeam,NA
18390,Project Y -- Glam Media,79830,AS-08660,cshdp91,M-AdvancedPath, $315.00 ,HadoopDataNode,Hadoop,HadoopTeam,NA
18390,Project Y -- Glam Media,79826,AS-11155,cshdp90,M-AdvancedPath, $315.00 ,HadoopDataNode,Hadoop,HadoopTeam,NA
18390,Project Y -- Glam Media,72733,AS-09532,cshdp9,M-AdvancedPath, $280.00 ,HadoopDataNode,Hadoop,HadoopTeam,NA
18390,Project Y -- Glam Media,79822,AS-10156,cshdp89,M-AdvancedPath, $315.00 ,HadoopDataNode,Hadoop,HadoopTeam,NA
18390,Project Y -- Glam Media,79818,AS-08663,cshdp88,M-AdvancedPath, $315.00 ,HadoopDataNode,Hadoop,HadoopTeam,NA
18390,Project Y -- Glam Media,79814,AS-08584,cshdp87,M-AdvancedPath, $315.00 ,HadoopDataNode,Hadoop,HadoopTeam,NA
18390,Project Y -- Glam Media,79810,AS-08657,cshdp86,M-AdvancedPath, $315.00 ,HadoopDataNode,Hadoop,HadoopTeam,NA
18390,Project Y -- Glam Media,79806,AS-10405,cshdp85,M-AdvancedPath, $315.00 ,HadoopDataNode,Hadoop,HadoopTeam,NA
18390,Project Y -- Glam Media,79802,AS-08078,cshdp84,M-AdvancedPath, $315.00 ,HadoopDataNode,Hadoop,HadoopTeam,NA
18390,Project Y -- Glam Media,79798,AS-08664,cshdp83,M-AdvancedPath, $315.00 ,HadoopDataNode,Hadoop,HadoopTeam,NA
18390,Project Y -- Glam Media,79794,AS-10111,cshdp82,M-AdvancedPath, $315.00 ,HadoopDataNode,Hadoop,HadoopTeam,NA
18390,Project Y -- Glam Media,79790,AS-09529,cshdp81,M-AdvancedPath, $315.00 ,HadoopDataNode,Hadoop,HadoopTeam,NA
18390,Project Y -- Glam Media,79786,AS-07721,cshdp80,M-AdvancedPath, $315.00 ,HadoopDataNode,Hadoop,HadoopTeam,NA
18390,Project Y -- Glam Media,72729,AS-10029,cshdp8,M-AdvancedPath, $280.00 ,HadoopDataNode,Hadoop,HadoopTeam,NA
18390,Project Y -- Glam Media,79782,AS-10404,cshdp79,M-AdvancedPath, $315.00 ,HadoopDataNode,Hadoop,HadoopTeam,NA
18390,Project Y -- Glam Media,79778,AS-08083,cshdp78,M-AdvancedPath, $315.00 ,HadoopDataNode,Hadoop,HadoopTeam,NA
18390,Project Y -- Glam Media,79774,AS-08069,cshdp77,M-AdvancedPath, $315.00 ,HadoopDataNode,Hadoop,HadoopTeam,NA
18390,Project Y -- Glam Media,79770,AS-09412,cshdp76,M-AdvancedPath, $315.00 ,HadoopDataNode,Hadoop,HadoopTeam,NA
18390,Project Y -- Glam Media,79766,AS-07582,cshdp75,M-AdvancedPath, $315.00 ,HadoopDataNode,Hadoop,HadoopTeam,NA
18390,Project Y -- Glam Media,79762,AS-07606,cshdp74,M-AdvancedPath, $315.00 ,HadoopDataNode,Hadoop,HadoopTeam,NA
18390,Project Y -- Glam Media,79758,AS-07578,cshdp73,M-AdvancedPath, $315.00 ,HadoopDataNode,Hadoop,HadoopTeam,NA
18390,Project Y -- Glam Media,79754,AS-11770,cshdp72,M-AdvancedPath, $315.00 ,HadoopDataNode,Hadoop,HadoopTeam,NA
18390,Project Y -- Glam Media,79750,AS-10152,cshdp71,M-AdvancedPath, $315.00 ,HadoopDataNode,Hadoop,HadoopTeam,NA
18390,Project Y -- Glam Media,79746,AS-11209,cshdp70,M-AdvancedPath, $315.00 ,HadoopDataNode,Hadoop,HadoopTeam,NA
18390,Project Y -- Glam Media,72725,AS-09609,cshdp7,M-AdvancedPath, $280.00 ,HadoopDataNode,Hadoop,HadoopTeam,NA
18390,Project Y -- Glam Media,79742,AS-10215,cshdp69,M-AdvancedPath, $315.00 ,HadoopDataNode,Hadoop,HadoopTeam,NA
18390,Project Y -- Glam Media,79738,AS-10037,cshdp68,M-AdvancedPath, $315.00 ,HadoopDataNode,Hadoop,HadoopTeam,NA
18390,Project Y -- Glam Media,79734,AS-11769,cshdp67,M-AdvancedPath, $315.00 ,HadoopDataNode,Hadoop,HadoopTeam,NA
18390,Project Y -- Glam Media,79730,AS-09417,cshdp66,M-AdvancedPath, $315.00 ,HadoopDataNode,Hadoop,HadoopTeam,NA
18390,Project Y -- Glam Media,79726,AS-10093 ,cshdp65,M-AdvancedPath, $315.00 ,HadoopDataNode,Hadoop,HadoopTeam,NA
18390,Project Y -- Glam Media,79722,AS-10187,cshdp64,M-AdvancedPath, $315.00 ,HadoopDataNode,Hadoop,HadoopTeam,NA
18390,Project Y -- Glam Media,79718,AS-10213,cshdp63,M-AdvancedPath, $315.00 ,HadoopDataNode,Hadoop,HadoopTeam,NA
18390,Project Y -- Glam Media,79714,AS-08825,cshdp62,M-AdvancedPath, $315.00 ,HadoopDataNode,Hadoop,HadoopTeam,NA
18390,Project Y -- Glam Media,79710,AS-10186,cshdp61,M-AdvancedPath, $315.00 ,HadoopDataNode,Hadoop,HadoopTeam,NA
18390,Project Y -- Glam Media,79706,AS-08823,cshdp60,M-AdvancedPath, $315.00 ,HadoopDataNode,Hadoop,HadoopTeam,NA
18390,Project Y -- Glam Media,72721,AS-09534,cshdp6,M-AdvancedPath, $280.00 ,HadoopDataNode,Hadoop,HadoopTeam,NA
18390,Project Y -- Glam Media,79702,AS-08824,cshdp59,M-AdvancedPath, $315.00 ,HadoopDataNode,Hadoop,HadoopTeam,NA
18390,Project Y -- Glam Media,79698,AS-10185,cshdp58,M-AdvancedPath, $315.00 ,HadoopDataNode,Hadoop,HadoopTeam,NA
18390,Project Y -- Glam Media,79694,AS-09416,cshdp57,M-AdvancedPath, $315.00 ,HadoopDataNode,Hadoop,HadoopTeam,NA
18390,Project Y -- Glam Media,79690,AS-08451,cshdp56,M-AdvancedPath, $315.00 ,HadoopDataNode,Hadoop,HadoopTeam,NA
18390,Project Y -- Glam Media,79686,AS-10212,cshdp55,M-AdvancedPath, $315.00 ,HadoopDataNode,Hadoop,HadoopTeam,NA
18390,Project Y -- Glam Media,79682,AS-10153,cshdp54,M-AdvancedPath, $315.00 ,HadoopDataNode,Hadoop,HadoopTeam,NA
18390,Project Y -- Glam Media,79678,AS-10184,cshdp53,M-AdvancedPath, $315.00 ,HadoopDataNode,Hadoop,HadoopTeam,NA
18390,Project Y -- Glam Media,79674,AS-08822,cshdp52,M-AdvancedPath, $315.00 ,HadoopDataNode,Hadoop,HadoopTeam,NA
18390,Project Y -- Glam Media,79670,AS-09418,cshdp51,M-AdvancedPath, $315.00 ,HadoopDataNode,Hadoop,HadoopTeam,NA
18390,Project Y -- Glam Media,76476,AS-10426,cshdp50,M-AdvancedPath, $280.00 ,HadoopDataNode,Hadoop,HadoopTeam,NA
18390,Project Y -- Glam Media,72717,AS-09611,cshdp5,M-AdvancedPath, $280.00 ,HadoopDataNode,Hadoop,HadoopTeam,NA
18390,Project Y -- Glam Media,76472,AS-10412,cshdp49,M-AdvancedPath, $280.00 ,HadoopDataNode,Hadoop,HadoopTeam,NA
18390,Project Y -- Glam Media,76468,AS-10434,cshdp48,M-AdvancedPath, $280.00 ,HadoopDataNode,Hadoop,HadoopTeam,NA
18390,Project Y -- Glam Media,76464,AS-10410,cshdp47,M-AdvancedPath, $280.00 ,HadoopDataNode,Hadoop,HadoopTeam,NA
18390,Project Y -- Glam Media,64134,,app155,M-AdvancedPath - Upgrade RAM to 16 GB Total, $-   ,,,,
18390,Project Y -- Glam Media,76460,AS-10420,cshdp46,M-AdvancedPath, $280.00 ,HadoopDataNode,Hadoop,HadoopTeam,NA
18390,Project Y -- Glam Media,64137,,app156,M-AdvancedPath - Upgrade RAM to 16 GB Total, $-   ,,,,
18390,Project Y -- Glam Media,76456,AS-10424,cshdp45,M-AdvancedPath, $280.00 ,HadoopDataNode,Hadoop,HadoopTeam,NA
18390,Project Y -- Glam Media,64140,,app157,M-AdvancedPath - Upgrade RAM to 16 GB Total, $-   ,,,,
18390,Project Y -- Glam Media,76452,AS-10416,cshdp44,M-AdvancedPath, $280.00 ,HadoopDataNode,Hadoop,HadoopTeam,NA
18390,Project Y -- Glam Media,64143,,app158,M-AdvancedPath - Upgrade RAM to 16 GB Total, $-   ,,,,
18390,Project Y -- Glam Media,76448,AS-10423,cshdp43,M-AdvancedPath, $280.00 ,HadoopDataNode,Hadoop,HadoopTeam,NA
18390,Project Y -- Glam Media,64146,,app159,M-AdvancedPath - Upgrade RAM to 16 GB Total, $-   ,,,,
18390,Project Y -- Glam Media,76444,AS-10414,cshdp42,M-AdvancedPath, $280.00 ,HadoopDataNode,Hadoop,HadoopTeam,NA
18390,Project Y -- Glam Media,64149,,app160,M-AdvancedPath - Upgrade RAM to 16 GB Total, $-   ,,,,
18390,Project Y -- Glam Media,76440,AS-10418,cshdp41,M-AdvancedPath, $280.00 ,HadoopDataNode,Hadoop,HadoopTeam,NA
18390,Project Y -- Glam Media,64152,,app161,M-AdvancedPath - Upgrade RAM to 16 GB Total, $-   ,,,,
18390,Project Y -- Glam Media,76436,AS-10432,cshdp40,M-AdvancedPath, $280.00 ,HadoopDataNode,Hadoop,HadoopTeam,NA
18390,Project Y -- Glam Media,64155,,app162,M-AdvancedPath - Upgrade RAM to 16 GB Total, $-   ,,,,
18390,Project Y -- Glam Media,72713,AS-10030,cshdp4,M-AdvancedPath, $280.00 ,HadoopDataNode,Hadoop,HadoopTeam,NA
18390,Project Y -- Glam Media,64158,,app163,M-AdvancedPath - Upgrade RAM to 16 GB Total, $-   ,,,,
18390,Project Y -- Glam Media,76432,AS-10433,cshdp39,M-AdvancedPath, $280.00 ,HadoopDataNode,Hadoop,HadoopTeam,NA
18390,Project Y -- Glam Media,64161,,app164,M-AdvancedPath - Upgrade RAM to 16 GB Total, $-   ,,,,
18390,Project Y -- Glam Media,76428,AS-10428,cshdp38,M-AdvancedPath, $280.00 ,HadoopDataNode,Hadoop,HadoopTeam,NA
18390,Project Y -- Glam Media,64164,,app165,M-AdvancedPath - Upgrade RAM to 16 GB Total, $-   ,,,,
18390,Project Y -- Glam Media,76424,AS-10427,cshdp37,M-AdvancedPath, $280.00 ,HadoopDataNode,Hadoop,HadoopTeam,NA
18390,Project Y -- Glam Media,64167,,app166,M-AdvancedPath - Upgrade RAM to 16 GB Total, $-   ,,,,
18390,Project Y -- Glam Media,76420,AS-10425,cshdp36,M-AdvancedPath, $280.00 ,HadoopDataNode,Hadoop,HadoopTeam,NA
18390,Project Y -- Glam Media,64170,,app167,M-AdvancedPath - Upgrade RAM to 16 GB Total, $-   ,,,,
18390,Project Y -- Glam Media,76416,AS-10411,cshdp35,M-AdvancedPath, $280.00 ,HadoopDataNode,Hadoop,HadoopTeam,NA
18390,Project Y -- Glam Media,64173,,app168,M-AdvancedPath - Upgrade RAM to 16 GB Total, $-   ,,,,
18390,Project Y -- Glam Media,76412,AS-10431,cshdp34,M-AdvancedPath, $280.00 ,HadoopDataNode,Hadoop,HadoopTeam,NA
18390,Project Y -- Glam Media,64176,,app169,M-AdvancedPath - Upgrade RAM to 16 GB Total, $-   ,,,,
18390,Project Y -- Glam Media,76408,AS-10419,cshdp33,M-AdvancedPath, $280.00 ,HadoopDataNode,Hadoop,HadoopTeam,NA
18390,Project Y -- Glam Media,64179,,app170,M-AdvancedPath - Upgrade RAM to 16 GB Total, $-   ,,,,
18390,Project Y -- Glam Media,76404,AS-10421,cshdp32,M-AdvancedPath, $280.00 ,HadoopDataNode,Hadoop,HadoopTeam,NA
18390,Project Y -- Glam Media,64182,,app171,M-AdvancedPath - Upgrade RAM to 16 GB Total, $-   ,,,,
18390,Project Y -- Glam Media,76399,AS-10422,cshdp31,M-AdvancedPath, $280.00 ,HadoopDataNode,Hadoop,HadoopTeam,NA
18390,Project Y -- Glam Media,64185,,app172,M-AdvancedPath - Upgrade RAM to 16 GB Total, $-   ,,,,
18390,Project Y -- Glam Media,76395,AS-10429,cshdp30,M-AdvancedPath, $280.00 ,HadoopDataNode,Hadoop,HadoopTeam,NA
18390,Project Y -- Glam Media,64188,,app173,M-AdvancedPath - Upgrade RAM to 16 GB Total, $-   ,,,,
18390,Project Y -- Glam Media,72709,AS-09527,cshdp3,M-AdvancedPath, $280.00 ,HadoopDataNode,Hadoop,HadoopTeam,NA
18390,Project Y -- Glam Media,64191,,app174,M-AdvancedPath - Upgrade RAM to 16 GB Total, $-   ,,,,
18390,Project Y -- Glam Media,76391,AS-10413,cshdp29,M-AdvancedPath, $280.00 ,HadoopDataNode,Hadoop,HadoopTeam,NA
18390,Project Y -- Glam Media,64194,,app175,M-AdvancedPath - Upgrade RAM to 16 GB Total, $-   ,,,,
18390,Project Y -- Glam Media,76387,AS-10430,cshdp28,M-AdvancedPath, $280.00 ,HadoopDataNode,Hadoop,HadoopTeam,NA
18390,Project Y -- Glam Media,64197,,app176,M-AdvancedPath - Upgrade RAM to 16 GB Total, $-   ,,,,
18390,Project Y -- Glam Media,76383,AS-10415,cshdp27,M-AdvancedPath, $280.00 ,HadoopDataNode,Hadoop,HadoopTeam,NA
18390,Project Y -- Glam Media,64200,,app177,M-AdvancedPath - Upgrade RAM to 16 GB Total, $-   ,,,,
18390,Project Y -- Glam Media,76379,AS-10417,cshdp26,M-AdvancedPath, $280.00 ,HadoopDataNode,Hadoop,HadoopTeam,NA
18390,Project Y -- Glam Media,64203,,app178,M-AdvancedPath - Upgrade RAM to 16 GB Total, $-   ,,,,
18390,Project Y -- Glam Media,72797,AS-09339,cshdp25,M-AdvancedPath, $280.00 ,HadoopDataNode,Hadoop,HadoopTeam,NA
18390,Project Y -- Glam Media,64206,,app179,M-AdvancedPath - Upgrade RAM to 16 GB Total, $-   ,,,,
18390,Project Y -- Glam Media,72793,AS-09537,cshdp24,M-AdvancedPath, $280.00 ,HadoopDataNode,Hadoop,HadoopTeam,NA
18390,Project Y -- Glam Media,64209,,app180,M-AdvancedPath - Upgrade RAM to 16 GB Total, $-   ,,,,
18390,Project Y -- Glam Media,72789,AS-09531,cshdp23,M-AdvancedPath, $280.00 ,HadoopDataNode,Hadoop,HadoopTeam,NA
18390,Project Y -- Glam Media,64212,,app181,M-AdvancedPath - Upgrade RAM to 16 GB Total, $-   ,,,,
18390,Project Y -- Glam Media,72785,AS-09530,cshdp22,M-AdvancedPath, $280.00 ,HadoopDataNode,Hadoop,HadoopTeam,NA
18390,Project Y -- Glam Media,64215,,app182,M-AdvancedPath - Upgrade RAM to 16 GB Total, $-   ,,,,
18390,Project Y -- Glam Media,72781,AS-09525,cshdp21,M-AdvancedPath, $280.00 ,HadoopDataNode,Hadoop,HadoopTeam,NA
18390,Project Y -- Glam Media,64218,,app183,M-AdvancedPath - Upgrade RAM to 16 GB Total, $-   ,,,,
18390,Project Y -- Glam Media,72777,AS-09539,cshdp20,M-AdvancedPath, $280.00 ,HadoopDataNode,Hadoop,HadoopTeam,NA
18390,Project Y -- Glam Media,64221,,app184,M-AdvancedPath - Upgrade RAM to 16 GB Total, $-   ,,,,
18390,Project Y -- Glam Media,72705,AS-09608,cshdp2,M-AdvancedPath, $280.00 ,HadoopDataNode,Hadoop,HadoopTeam,NA
18390,Project Y -- Glam Media,64224,,app185,M-AdvancedPath - Upgrade RAM to 16 GB Total, $-   ,,,,
18390,Project Y -- Glam Media,72773,AS-09533,cshdp19,M-AdvancedPath, $280.00 ,HadoopDataNode,Hadoop,HadoopTeam,NA
18390,Project Y -- Glam Media,64227,,app186,M-AdvancedPath - Upgrade RAM to 16 GB Total, $-   ,,,,
18390,Project Y -- Glam Media,72769,AS-10032,cshdp18,M-AdvancedPath, $280.00 ,HadoopDataNode,Hadoop,HadoopTeam,NA
18390,Project Y -- Glam Media,64230,AS-07987,app190,M-AdvancedPath - Upgrade RAM to 16 GB Total, $-   ,,,,
18390,Project Y -- Glam Media,72765,AS-09535,cshdp17,M-AdvancedPath, $280.00 ,HadoopDataNode,Hadoop,HadoopTeam,NA
18390,Project Y -- Glam Media,64233,,app188,M-AdvancedPath - Upgrade RAM to 16 GB Total, $-   ,,,,
18390,Project Y -- Glam Media,72761,AS-10028,cshdp16,M-AdvancedPath, $280.00 ,HadoopDataNode,Hadoop,HadoopTeam,NA
18390,Project Y -- Glam Media,64236,,app189,M-AdvancedPath - Upgrade RAM to 16 GB Total, $-   ,,,,
18390,Project Y -- Glam Media,72757,AS-09610,cshdp15,M-AdvancedPath, $280.00 ,HadoopDataNode,Hadoop,HadoopTeam,NA
18390,Project Y -- Glam Media,66954,,app190,M-AdvancedPath - Upgrade RAM to 16 GB Total, $-   ,,,,
18390,Project Y -- Glam Media,72753,AS-09538,cshdp14,M-AdvancedPath, $280.00 ,HadoopDataNode,Hadoop,HadoopTeam,NA
18390,Project Y -- Glam Media,66957,,app191,M-AdvancedPath - Upgrade RAM to 16 GB Total, $-   ,,,,
18390,Project Y -- Glam Media,72749,AS-10195,cshdp13,M-AdvancedPath, $280.00 ,HadoopDataNode,Hadoop,HadoopTeam,NA
18390,Project Y -- Glam Media,66960,,app192,M-AdvancedPath - Upgrade RAM to 16 GB Total, $-   ,,,,
18390,Project Y -- Glam Media,72745,AS-09536,cshdp12,M-AdvancedPath, $280.00 ,HadoopDataNode,Hadoop,HadoopTeam,NA
18390,Project Y -- Glam Media,66963,,app193,M-AdvancedPath - Upgrade RAM to 16 GB Total, $-   ,,,,
18390,Project Y -- Glam Media,72741,AS-09526,cshdp11,M-AdvancedPath, $280.00 ,HadoopDataNode,Hadoop,HadoopTeam,NA
18390,Project Y -- Glam Media,66966,,app194,M-AdvancedPath - Upgrade RAM to 16 GB Total, $-   ,,,,
18390,Project Y -- Glam Media,79866,AS-10097 ,cshdp100,M-AdvancedPath, $315.00 ,HadoopDataNode,Hadoop,HadoopTeam,NA
18390,Project Y -- Glam Media,66969,,app195,M-AdvancedPath - Upgrade RAM to 16 GB Total, $-   ,,,,
18390,Project Y -- Glam Media,72737,AS-09528,cshdp10,M-AdvancedPath, $280.00 ,HadoopDataNode,Hadoop,HadoopTeam,NA
18390,Project Y -- Glam Media,66972,,app196,M-AdvancedPath - Upgrade RAM to 16 GB Total, $-   ,,,,
18390,Project Y -- Glam Media,72701,AS-10031,cshdp1,M-AdvancedPath, $280.00 ,HadoopDataNode,Hadoop,HadoopTeam,NA
18390,Project Y -- Glam Media,66975,,app197,M-AdvancedPath - Upgrade RAM to 16 GB Total, $-   ,,,,
18390,Project Y -- Glam Media,78814,AS-10389,csdb06,M-AdvancedPath, $280.06 ,OracleDB,Database,DBTeam,NA
18390,Project Y -- Glam Media,66978,,app198,M-AdvancedPath - Upgrade RAM to 16 GB Total, $-   ,,,,
18390,Project Y -- Glam Media,78810,AS-10378,csdb05,M-AdvancedPath, $280.06 ,OracleDB,Database,DBTeam,NA
18390,Project Y -- Glam Media,66981,,app199,M-AdvancedPath - Upgrade RAM to 16 GB Total, $-   ,,,,
18390,Project Y -- Glam Media,78735,DS-00446,csdb04,M-AdvancedPath, $279.99 ,OracleDB,Database,DBTeam,NA
18390,Project Y -- Glam Media,66984,,app200,M-AdvancedPath - Upgrade RAM to 16 GB Total, $-   ,,,,
18390,Project Y -- Glam Media,78730,DS-00450,csdb03,M-AdvancedPath, $279.99 ,OracleDB,Database,DBTeam,NA
18390,Project Y -- Glam Media,66987,,app201,M-AdvancedPath - Upgrade RAM to 16 GB Total, $-   ,,,,
18390,Project Y -- Glam Media,78725,AS-08592,csdb02,M-AdvancedPath, $279.99 ,OracleDB,Database,DBTeam,NA
18390,Project Y -- Glam Media,66990,,app202,M-AdvancedPath - Upgrade RAM to 16 GB Total, $-   ,,,,
18390,Project Y -- Glam Media,78720,DS-00444,csdb01,M-AdvancedPath, $279.99 ,OracleDB,Database,DBTeam,NA
18390,Project Y -- Glam Media,66993,,app203,M-AdvancedPath - Upgrade RAM to 16 GB Total, $-   ,,,,
18390,Project Y -- Glam Media,45159,AS-05369,app99,M-AdvancedPath, $185.00 ,Elastic Search,Consumer,Consumer,NA
18390,Project Y -- Glam Media,66996,,app204,M-AdvancedPath - Upgrade RAM to 16 GB Total, $-   ,,,,
18390,Project Y -- Glam Media,45150,AS-04966 ,app98,M-AdvancedPath, $185.00 ,Stylemob,Video,Video,NA
18390,Project Y -- Glam Media,45147,AS-04489,app97,M-AdvancedPath, $185.00 ,Rich_Media,Video,Video,NA
18390,Project Y -- Glam Media,45153,AS-04417,app96,M-AdvancedPath, $185.00 ,Rich_Media,Video,Video,NA
18390,Project Y -- Glam Media,45162,AS-04289,app95,M-AdvancedPath, $185.00 ,Studio Dev,Studio,Studio,"Memcached,mysql and XEND is running , mentoned as BT memcaced in wiki but cant find in glamadapt_config.php"
18390,Project Y -- Glam Media,45130,AS-05641,app94,M-AdvancedPath, $384.99 ,VARNISH,GlamTV,GlamTV,NA
18390,Project Y -- Glam Media,45124,AS-04537,app93,M-AdvancedPath, $384.99 ,VARNISH,GlamTV,GlamTV,NA
18390,Project Y -- Glam Media,45127,AS-05164,app92,M-AdvancedPath, $384.99 ,Rich_Media,Video,Video,NA
18390,Project Y -- Glam Media,45121,AS-05823,app91,M-AdvancedPath, $384.99 ,Rich_Media,Video,Video,NA
18390,Project Y -- Glam Media,45118,AS-04455,app90,M-AdvancedPath, $384.99 ,Onboarding,NotSure,Notsure,XEN and apache are running
18390,Project Y -- Glam Media,45112,AS-04521,app89,M-AdvancedPath, $384.99 ,Mysql,NotSure,Notsure,"Mysql is running, wordpress_de ?"
18390,Project Y -- Glam Media,45115,AS-05436            ,app88,M-AdvancedPath, $384.99 ,HydraWorker,Hydra,Hydra,NA
18390,Project Y -- Glam Media,69888,,app215,M-AdvancedPath - Upgrade RAM to 16 GB Total, $-   ,,,,
18390,Project Y -- Glam Media,45103,AS-05433,app87,M-AdvancedPath, $384.99 ,HydraWorker,Hydra,Hydra,NA
18390,Project Y -- Glam Media,69894,,app216,M-AdvancedPath - Upgrade RAM to 16 GB Total, $-   ,,,,
18390,Project Y -- Glam Media,45109,AS-05208,app86,M-AdvancedPath, $384.99 ,HydraWorker,Hydra,Hydra,NA
18390,Project Y -- Glam Media,69899,,app217,M-AdvancedPath - Upgrade RAM to 16 GB Total, $-   ,,,,
18390,Project Y -- Glam Media,45106,AS-04984,app85,M-AdvancedPath, $384.99 ,HydraWorker,Hydra,Hydra,NA
18390,Project Y -- Glam Media,69902,,app218,M-AdvancedPath - Upgrade RAM to 16 GB Total, $-   ,,,,
18390,Project Y -- Glam Media,45100,AS-3576,app84,M-AdvancedPath, $384.99 ,FBT,FBT,FBT,Free Beauty Tips
18390,Project Y -- Glam Media,69906,,app219,M-AdvancedPath - Upgrade RAM to 16 GB Total, $-   ,,,,
18390,Project Y -- Glam Media,45097,AS-03693,app83,M-AdvancedPath, $384.99 ,FBT,FBT,FBT,Free Beauty Tips
18390,Project Y -- Glam Media,69909,,app220,M-AdvancedPath - Upgrade RAM to 16 GB Total, $-   ,,,,
18390,Project Y -- Glam Media,45091,AS-05661,app82,M-AdvancedPath, $384.99 ,AnsibleMaster,Ops,Techops,LXC host
18390,Project Y -- Glam Media,69912,,app221,M-AdvancedPath - Upgrade RAM to 16 GB Total, $-   ,,,,
18390,Project Y -- Glam Media,45088,AS-04019,app81,M-AdvancedPath, $384.99 ,HydraWorker,Hydra,Hydra,NA
18390,Project Y -- Glam Media,69915,,app222,M-AdvancedPath - Upgrade RAM to 16 GB Total, $-   ,,,,
18390,Project Y -- Glam Media,45094,AS-04936,app80,M-AdvancedPath, $384.99 ,HydraWorker,Hydra,Hydra,NA
18390,Project Y -- Glam Media,69918,,app223,M-AdvancedPath - Upgrade RAM to 16 GB Total, $-   ,,,,
18390,Project Y -- Glam Media,79946,AS-07280,app319,M-AdvancedPath, $210.00 ,ETL,Hadoop,Hadoop,NA
18390,Project Y -- Glam Media,69921,,app224,M-AdvancedPath - Upgrade RAM to 16 GB Total, $-   ,,,,
18390,Project Y -- Glam Media,79943,AS-07460,app318,M-AdvancedPath, $210.00 ,ETL,Hadoop,Hadoop,NA
18390,Project Y -- Glam Media,69924,,app225,M-AdvancedPath - Upgrade RAM to 16 GB Total, $-   ,,,,
18390,Project Y -- Glam Media,79940,AS-07250,app317,M-AdvancedPath, $210.00 ,Search,Studio,Studio,NA
18390,Project Y -- Glam Media,69927,,app226,M-AdvancedPath - Upgrade RAM to 16 GB Total, $-   ,,,,
18390,Project Y -- Glam Media,79937,AS-07407,app316,M-AdvancedPath, $210.00 ,ETL,Hadoop,Hadoop,
18390,Project Y -- Glam Media,69930,,app227,M-AdvancedPath - Upgrade RAM to 16 GB Total, $-   ,,,,
18390,Project Y -- Glam Media,79934,AS-07382,app315,M-AdvancedPath, $210.00 ,ETL,Hadoop,Hadoop,
18390,Project Y -- Glam Media,69933,,app228,M-AdvancedPath - Upgrade RAM to 16 GB Total, $-   ,,,,
18390,Project Y -- Glam Media,79931,AS-07377,app314,M-AdvancedPath, $210.00 ,ETL,Hadoop,Hadoop,
18390,Project Y -- Glam Media,69936,,app229,M-AdvancedPath - Upgrade RAM to 16 GB Total, $-   ,,,,
18390,Project Y -- Glam Media,79928,AS-07374,app313,M-AdvancedPath, $210.00 ,ETL,Hadoop,Hadoop,
18390,Project Y -- Glam Media,69939,,app230,M-AdvancedPath - Upgrade RAM to 16 GB Total, $-   ,,,,
18390,Project Y -- Glam Media,79925,AS-07282,app312,M-AdvancedPath, $210.00 ,ETL,Hadoop,Hadoop,
18390,Project Y -- Glam Media,69942,,app231,M-AdvancedPath - Upgrade RAM to 16 GB Total, $-   ,,,,
18390,Project Y -- Glam Media,79922,AS-07371,app311,M-AdvancedPath, $210.00 ,ETL,Hadoop,Hadoop,
18390,Project Y -- Glam Media,69945,,app232,M-AdvancedPath - Upgrade RAM to 16 GB Total, $-   ,,,,
18390,Project Y -- Glam Media,79919,AS-07999,app310,M-AdvancedPath, $210.00 ,Cron,Hadoop,Hadoop,NA
18390,Project Y -- Glam Media,69948,,dbus03,M-AdvancedPath - Upgrade RAM to 16 GB Total, $-   ,,,,
18390,Project Y -- Glam Media,79523,AS-07773,app309,M-AdvancedPath, $210.00 ,Reviewboard/Hydra,Hydra,Hydra,LXC
18390,Project Y -- Glam Media,69951,,app234,M-AdvancedPath - Upgrade RAM to 16 GB Total, $-   ,,,,
18390,Project Y -- Glam Media,79520,as-07408,app308,M-AdvancedPath, $210.00 ,Hydra-HTTP,Hydra,Hydra,LXC
18390,Project Y -- Glam Media,69954,,app235,M-AdvancedPath - Upgrade RAM to 16 GB Total, $-   ,,,,
18390,Project Y -- Glam Media,79517,as-08581,app307,M-AdvancedPath, $210.00 ,Rich_Media,Rich_Media,Rich_Media,
18390,Project Y -- Glam Media,69957,,app236,M-AdvancedPath - Upgrade RAM to 16 GB Total, $-   ,,,,
18390,Project Y -- Glam Media,79514,as-07996,app306,M-AdvancedPath, $210.00 ,Rich_Media,Rich_Media,Rich_Media,
18390,Project Y -- Glam Media,69960,,app237,M-AdvancedPath - Upgrade RAM to 16 GB Total, $-   ,,,,
18390,Project Y -- Glam Media,79511,as-10193,app305,M-AdvancedPath, $210.00 ,Studio,Studio,Studio,Staging
18390,Project Y -- Glam Media,69963,,app238,M-AdvancedPath - Upgrade RAM to 16 GB Total, $-   ,,,,
18390,Project Y -- Glam Media,79508,as-10158,app304,M-AdvancedPath, $210.00 ,Studio,Studio,Studio,Staging
18390,Project Y -- Glam Media,69966,,app239,M-AdvancedPath - Upgrade RAM to 16 GB Total, $-   ,,,,
18390,Project Y -- Glam Media,79505,as-10383,app303,M-AdvancedPath, $210.00 ,Studio,Studio,Studio,Staging
18390,Project Y -- Glam Media,69969,,app240,M-AdvancedPath - Upgrade RAM to 16 GB Total, $-   ,,,,
18390,Project Y -- Glam Media,79502,as-08583,app302,M-AdvancedPath, $210.00 ,Studio,Studio,Studio,Staging
18390,Project Y -- Glam Media,69972,,app241,M-AdvancedPath - Upgrade RAM to 16 GB Total, $-   ,,,,
18390,Project Y -- Glam Media,79499,AS-10114,app301,M-AdvancedPath, $210.00 ,HydraWorker,Hydra,Hydra,NA
18390,Project Y -- Glam Media,69975,,app242,M-AdvancedPath - Upgrade RAM to 16 GB Total, $-   ,,,,
18390,Project Y -- Glam Media,79496,AS-10408 ,app300,M-AdvancedPath, $210.00 ,Elastic Search,Consumer,Consumer,NA
18390,Project Y -- Glam Media,69978,,app243,M-AdvancedPath - Upgrade RAM to 16 GB Total, $-   ,,,,
18390,Project Y -- Glam Media,79448,as-08092,app299,M-AdvancedPath, $210.00 ,AD_SERVER,AD_SERVER,Techops,NA
18390,Project Y -- Glam Media,69981,,app244,M-AdvancedPath - Upgrade RAM to 16 GB Total, $-   ,,,,
18390,Project Y -- Glam Media,79445,as-08090,app298,M-AdvancedPath, $210.00 ,AD_SERVER,AD_SERVER,Techops,NA
18390,Project Y -- Glam Media,69984,,app245,M-AdvancedPath - Upgrade RAM to 16 GB Total, $-   ,,,,
18390,Project Y -- Glam Media,79442,AS-08080,app297,M-AdvancedPath, $210.00 ,AD_SERVER,AD_SERVER,Techops,NA
18390,Project Y -- Glam Media,69987,,app246,M-AdvancedPath - Upgrade RAM to 16 GB Total, $-   ,,,,
18390,Project Y -- Glam Media,79439,as-08002,app296,M-AdvancedPath, $210.00 ,AD_SERVER,AD_SERVER,Techops,NA
18390,Project Y -- Glam Media,69990,,app247,M-AdvancedPath - Upgrade RAM to 16 GB Total, $-   ,,,,
18390,Project Y -- Glam Media,79436,as-07998,app295,M-AdvancedPath, $210.00 ,AD_SERVER,AD_SERVER,Techops,NA
18390,Project Y -- Glam Media,69993,,app248,M-AdvancedPath - Upgrade RAM to 16 GB Total, $-   ,,,,
18390,Project Y -- Glam Media,79433,AS-07997,app294,M-AdvancedPath, $210.00 ,AD_SERVER,AD_SERVER,Techops,NA
18390,Project Y -- Glam Media,69996,,app249,M-AdvancedPath - Upgrade RAM to 16 GB Total, $-   ,,,,
18390,Project Y -- Glam Media,79430,as-07995,app293,M-AdvancedPath, $210.00 ,AD_SERVER,AD_SERVER,Techops,NA
18390,Project Y -- Glam Media,69999,,app250,M-AdvancedPath - Upgrade RAM to 16 GB Total, $-   ,,,,
18390,Project Y -- Glam Media,79427,as-07992,app292,M-AdvancedPath, $210.00 ,AD_SERVER,AD_SERVER,Techops,NA
18390,Project Y -- Glam Media,70002,,app251,M-AdvancedPath - Upgrade RAM to 16 GB Total, $-   ,,,,
18390,Project Y -- Glam Media,79424,AS-07861,app291,M-AdvancedPath, $210.00 ,AD_SERVER,AD_SERVER,Techops,NA
18390,Project Y -- Glam Media,70005,,cshdpm4,M-AdvancedPath - Upgrade RAM to 16 GB Total, $-   ,,,,
18390,Project Y -- Glam Media,79421,as-07751,app290,M-AdvancedPath, $210.00 ,AD_SERVER,AD_SERVER,Techops,NA
18390,Project Y -- Glam Media,70008,,cshdpm6,M-AdvancedPath - Upgrade RAM to 16 GB Total, $-   ,,,,
18390,Project Y -- Glam Media,79409,AS-07941,app289,M-AdvancedPath, $210.00 ,AD_SERVER,AD_SERVER,Techops,NA
18390,Project Y -- Glam Media,70011,,app254,M-AdvancedPath - Upgrade RAM to 16 GB Total, $-   ,,,,
18390,Project Y -- Glam Media,79412,AS-07860,app288,M-AdvancedPath, $210.00 ,AD_SERVER,AD_SERVER,Techops,NA
 ,Project Y -- Glam Media,70014,,app255,M-AdvancedPath - Upgrade RAM to 16 GB Total, $-   ,,,,
18390,Project Y -- Glam Media,79415,AS-07750,app287,M-AdvancedPath, $210.00 ,AD_SERVER,AD_SERVER,Techops,NA
18390,Project Y -- Glam Media,70017,,app256,M-AdvancedPath - Upgrade RAM to 16 GB Total, $-   ,,,,
18390,Project Y -- Glam Media,79418,AS-07725,app286,M-AdvancedPath, $210.00 ,AD_SERVER,AD_SERVER,Techops,NA
18390,Project Y -- Glam Media,70020,,app257,M-AdvancedPath - Upgrade RAM to 16 GB Total, $-   ,,,,
18390,Project Y -- Glam Media,79406,AS-07723,app285,M-AdvancedPath, $210.00 ,AD_SERVER,AD_SERVER,Techops,NA
18390,Project Y -- Glam Media,70023,,app258,M-AdvancedPath - Upgrade RAM to 16 GB Total, $-   ,,,,
18390,Project Y -- Glam Media,79046,AS-10384,app284,M-AdvancedPath, $210.00 ,Hydra,Hydra,Hydra,LXC host
18390,Project Y -- Glam Media,70026,,app259,M-AdvancedPath - Upgrade RAM to 16 GB Total, $-   ,,,,
18390,Project Y -- Glam Media,79049,AS-10379,app283,M-AdvancedPath, $210.00 ,NTS,NTS,NTS,
18390,Project Y -- Glam Media,70029,,app260,M-AdvancedPath - Upgrade RAM to 16 GB Total, $-   ,,,,
18390,Project Y -- Glam Media,79052,AS-10386,app282,M-AdvancedPath, $210.00 ,NTS,NTS,NTS,
18390,Project Y -- Glam Media,70032,,app261,M-AdvancedPath - Upgrade RAM to 16 GB Total, $-   ,,,,
18390,Project Y -- Glam Media,79055,AS-10376,app281,M-AdvancedPath, $210.00 ,Studio,Studio,Studio,"LXC host, Dev"
18390,Project Y -- Glam Media,70035,,app262,M-AdvancedPath - Upgrade RAM to 16 GB Total, $-   ,,,,
18390,Project Y -- Glam Media,79043,AS-10387,app280,M-AdvancedPath, $210.00 ,Studio,Studio,Studio,"LXC host, Dev"
18390,Project Y -- Glam Media,70038,,app263,M-AdvancedPath - Upgrade RAM to 16 GB Total, $-   ,,,,
18390,Project Y -- Glam Media,79040,AS-10385,app279,M-AdvancedPath, $210.00 ,Hydra DB,Hydra,Hydra,
18390,Project Y -- Glam Media,70041,,app264,M-AdvancedPath - Upgrade RAM to 16 GB Total, $-   ,,,,
18390,Project Y -- Glam Media,79037,as-10380,app278,M-AdvancedPath, $210.00 ,Hydra DB,Hydra,Hydra,
18390,Project Y -- Glam Media,79034,as-10390,app277,M-AdvancedPath, $210.00 ,Hydra DB,Hydra,Hydra,
18390,Project Y -- Glam Media,72702,,cshdp1,M-AdvancedPath - Upgrade RAM to 16 GB Total, $-   ,,,,
18390,Project Y -- Glam Media,79031,as-10388,app276,M-AdvancedPath, $210.00 ,Log Processor,Database,DBteam,
18390,Project Y -- Glam Media,72706,,cshdp2,M-AdvancedPath - Upgrade RAM to 16 GB Total, $-   ,,,,
18390,Project Y -- Glam Media,79028,AS-10382,app275,M-AdvancedPath, $210.00 ,Free,Free,Techops,"Haproxy running, www30t1.1.cfg and glam_ad.2.cfg"
18390,Project Y -- Glam Media,72710,,cshdp3,M-AdvancedPath - Upgrade RAM to 16 GB Total, $-   ,,,,
18390,Project Y -- Glam Media,78332,AS-08690 ,app274,M-AdvancedPath, $359.99 ,Tableau,Tableau,Tableau,Windows server
18390,Project Y -- Glam Media,72714,,cshdp4,M-AdvancedPath - Upgrade RAM to 16 GB Total, $-   ,,,,
18390,Project Y -- Glam Media,78329,AS-07977 ,app273,M-AdvancedPath, $359.99 ,Sortdb,Adserver,Techops,NA
18390,Project Y -- Glam Media,72718,,cshdp5,M-AdvancedPath - Upgrade RAM to 16 GB Total, $-   ,,,,
18390,Project Y -- Glam Media,78326,AS-07037 ,app272,M-AdvancedPath, $359.99 ,BT Memcached,Adserver,Techops,Not present in glamadapt_config.php ( checked on app144)
18390,Project Y -- Glam Media,72722,,cshdp6,M-AdvancedPath - Upgrade RAM to 16 GB Total, $-   ,,,,
18390,Project Y -- Glam Media,78323,DS-00085 ,app271,M-AdvancedPath, $359.99 ,BT projects files,FIND,Emmanuel ,Splunk is running
18390,Project Y -- Glam Media,72726,,cshdp7,M-AdvancedPath - Upgrade RAM to 16 GB Total, $-   ,,,,
18390,Project Y -- Glam Media,78320,AS-07579 ,app270,M-AdvancedPath, $359.99 ,Studio,Studio,Studio,prod
18390,Project Y -- Glam Media,72730,,cshdp8,M-AdvancedPath - Upgrade RAM to 16 GB Total, $-   ,,,,
18390,Project Y -- Glam Media,78317,AS-07722,app269,M-AdvancedPath, $359.99 ,Studio,Studio,Studio,prod
18390,Project Y -- Glam Media,72734,,cshdp9,M-AdvancedPath - Upgrade RAM to 16 GB Total, $-   ,,,,
18390,Project Y -- Glam Media,78314,AS-08091 ,app268,M-AdvancedPath, $359.99 ,Studio,Studio,Studio,prod
18390,Project Y -- Glam Media,72738,,cshdp10,M-AdvancedPath - Upgrade RAM to 16 GB Total, $-   ,,,,
18390,Project Y -- Glam Media,78311,AS-07577,app267,M-AdvancedPath, $359.99 ,Studio,Studio,Studio,prod
18390,Project Y -- Glam Media,72742,,cshdp11,M-AdvancedPath - Upgrade RAM to 16 GB Total, $-   ,,,,
18390,Project Y -- Glam Media,78308,AS-08587 ,app266,M-AdvancedPath, $359.99 ,Studio,Studio,Studio,prod
18390,Project Y -- Glam Media,72746,,cshdp12,M-AdvancedPath - Upgrade RAM to 16 GB Total, $-   ,,,,
18390,Project Y -- Glam Media,78305,DS-00098 ,app265,M-AdvancedPath, $359.99 ,Studio,Studio,Studio,prod
18390,Project Y -- Glam Media,72750,,cshdp13,M-AdvancedPath - Upgrade RAM to 16 GB Total, $-   ,,,,
18390,Project Y -- Glam Media,70040,AS-09304,app264,M-AdvancedPath, $210.00 ,Hadoop-Dev,Hadoop,Hadoop,Hadoop Dev Cluster
18390,Project Y -- Glam Media,72754,,cshdp14,M-AdvancedPath - Upgrade RAM to 16 GB Total, $-   ,,,,
18390,Project Y -- Glam Media,70037,AS-09305,app263,M-AdvancedPath, $210.00 ,zookeeper,Hadoop,Hadoop,cshdpz1
18390,Project Y -- Glam Media,72758,,cshdp15,M-AdvancedPath - Upgrade RAM to 16 GB Total, $-   ,,,,
18390,Project Y -- Glam Media,70034,AS-09303,app262,M-AdvancedPath, $210.00 ,zookeeper,Hadoop,Hadoop,cshdpz2
18390,Project Y -- Glam Media,72762,,cshdp16,M-AdvancedPath - Upgrade RAM to 16 GB Total, $-   ,,,,
18390,Project Y -- Glam Media,70031,AS-09302,app261,M-AdvancedPath, $210.00 ,zookeeper,Hadoop,Hadoop,cshdpz3
18390,Project Y -- Glam Media,72766,,cshdp17,M-AdvancedPath - Upgrade RAM to 16 GB Total, $-   ,,,,
18390,Project Y -- Glam Media,70028,AS-09301,app260,M-AdvancedPath, $210.00 ,Ganglia,Ops,Techops,NA
18390,Project Y -- Glam Media,72770,,cshdp18,M-AdvancedPath - Upgrade RAM to 16 GB Total, $-   ,,,,
18390,Project Y -- Glam Media,70025,AS-09300,app259,M-AdvancedPath, $210.00 ,Jenkins,Ops,Techops,LXC host
18390,Project Y -- Glam Media,72774,,cshdp19,M-AdvancedPath - Upgrade RAM to 16 GB Total, $-   ,,,,
18390,Project Y -- Glam Media,70022,AS-08923,app258,M-AdvancedPath, $210.00 ,UDS MEMCACHED,Adserver,Techops,Present in glamadapt_config.php
18390,Project Y -- Glam Media,72778,,cshdp20,M-AdvancedPath - Upgrade RAM to 16 GB Total, $-   ,,,,
18390,Project Y -- Glam Media,70019,AS-08921,app257,M-AdvancedPath, $210.00 ,LogDownload,AdServer,Techops,NA
18390,Project Y -- Glam Media,72782,,cshdp21,M-AdvancedPath - Upgrade RAM to 16 GB Total, $-   ,,,,
18390,Project Y -- Glam Media,70016,AS-08920,app256,M-AdvancedPath, $210.00 ,GlamMovile,GlamMovile,Mobile,NA
18390,Project Y -- Glam Media,72786,,cshdp22,M-AdvancedPath - Upgrade RAM to 16 GB Total, $-   ,,,,
18390,Project Y -- Glam Media,70013,AS-08919,app255,M-AdvancedPath, $210.00 ,Studio,Studio,Studio,prod
18390,Project Y -- Glam Media,72790,,cshdp23,M-AdvancedPath - Upgrade RAM to 16 GB Total, $-   ,,,,
18390,Project Y -- Glam Media,70010,AS-08918,app254,M-AdvancedPath, $210.00 ,Studio,Studio,Studio,prod
18390,Project Y -- Glam Media,72794,,cshdp24,M-AdvancedPath - Upgrade RAM to 16 GB Total, $-   ,,,,
18390,Project Y -- Glam Media,70001,AS-08915,app251,M-AdvancedPath, $210.00 ,Hadoop-Dev,Hadoop,Hadoop,Hadoop Dev Cluster
18390,Project Y -- Glam Media,72798,,cshdp25,M-AdvancedPath - Upgrade RAM to 16 GB Total, $-   ,,,,
18390,Project Y -- Glam Media,69998,AS-08914,app250,M-AdvancedPath, $210.00 ,Hadoop-Dev,Hadoop,Hadoop,Hadoop Dev Cluster
18390,Project Y -- Glam Media,72991,,cshdpm1,M-AdvancedPath - Upgrade RAM to 16 GB Total, $-   ,,,,
18390,Project Y -- Glam Media,72992,,cshdpm1,M-CART-RedHat Enterprise Linux, $-   ,,,,
18390,Project Y -- Glam Media,69995,AS-08913,app249,M-AdvancedPath, $210.00 ,AD_SERVER,AD_SERVER,Techops,NA
18390,Project Y -- Glam Media,72994,,cshdpm2,M-AdvancedPath - Upgrade RAM to 16 GB Total, $-   ,,,,
18390,Project Y -- Glam Media,72995,,cshdpm2,M-CART-RedHat Enterprise Linux, $-   ,,,,
18390,Project Y -- Glam Media,69992,AS-08912,app248,M-AdvancedPath, $210.00 ,AD_SERVER,AD_SERVER,Techops,NA
18390,Project Y -- Glam Media,72997,,cshdpm3,M-AdvancedPath - Upgrade RAM to 16 GB Total, $-   ,,,,
18390,Project Y -- Glam Media,72998,,cshdpm3,M-CART-RedHat Enterprise Linux, $-   ,,,,
18390,Project Y -- Glam Media,69989,AS-08911,app247,M-AdvancedPath, $210.00 ,AD_SERVER,AD_SERVER,Techops,NA
18390,Project Y -- Glam Media,73000,,cshdpm4,M-AdvancedPath - Upgrade RAM to 16 GB Total, $-   ,,,,
18390,Project Y -- Glam Media,73001,,cshdpm4,M-CART-RedHat Enterprise Linux, $-   ,,,,
18390,Project Y -- Glam Media,69986,AS-08910,app246,M-AdvancedPath, $210.00 ,AD_SERVER,AD_SERVER,Techops,NA
18390,Project Y -- Glam Media,73003,,app230,M-AdvancedPath - Upgrade RAM to 16 GB Total, $-   ,,,,
18390,Project Y -- Glam Media,73004,,app230,M-CART-RedHat Enterprise Linux, $-   ,,,,
18390,Project Y -- Glam Media,69983,AS-08909,app245,M-AdvancedPath, $210.00 ,AD_SERVER,AD_SERVER,Techops,NA
18390,Project Y -- Glam Media,73006,,app231,M-AdvancedPath - Upgrade RAM to 16 GB Total, $-   ,,,,
18390,Project Y -- Glam Media,73007,,app231,M-CART-RedHat Enterprise Linux, $-   ,,,,
18390,Project Y -- Glam Media,69980,AS-08908,app244,M-AdvancedPath, $210.00 ,AD_SERVER,AD_SERVER,Techops,NA
18390,Project Y -- Glam Media,73009,,dbus02,M-AdvancedPath - Upgrade RAM to 16 GB Total, $-   ,,,,
18390,Project Y -- Glam Media,69977,AS-08907,app243,M-AdvancedPath, $210.00 ,NETACUITY,Adserver,Techops,NA
18390,Project Y -- Glam Media,73012,,app233,M-AdvancedPath - Upgrade RAM to 16 GB Total, $-   ,,,,
18390,Project Y -- Glam Media,69974,AS-08906,app242,M-AdvancedPath, $210.00 ,NETACUITY,Adserver,Techops,NA
18390,Project Y -- Glam Media,73015,,dbus04,M-AdvancedPath - Upgrade RAM to 16 GB Total, $-   ,,,,
18390,Project Y -- Glam Media,69971,AS-08905,app241,M-AdvancedPath, $210.00 ,FQM MEMCACHED,Adserver,Techops,Present in glamadapt_config.php
18390,Project Y -- Glam Media,73018,,dbus05,M-AdvancedPath - Upgrade RAM to 16 GB Total, $-   ,,,,
18390,Project Y -- Glam Media,69968,AS-08904,app240,M-AdvancedPath, $210.00 ,IVM MEMCACHED,Adserver,Techops,Present in glamadapt_config.php
18390,Project Y -- Glam Media,69965,AS-08903,app239,M-AdvancedPath, $210.00 ,AD_SERVER,AD_SERVER,Techops,NA
18390,Project Y -- Glam Media,76380,,cshdp26,M-AdvancedPath - Upgrade RAM to 16 GB Total, $-   ,,,,
18390,Project Y -- Glam Media,69962,AS-08902,app238,M-AdvancedPath, $210.00 ,AD_SERVER,AD_SERVER,Techops,NA
18390,Project Y -- Glam Media,76384,,cshdp27,M-AdvancedPath - Upgrade RAM to 16 GB Total, $-   ,,,,
18390,Project Y -- Glam Media,69959,AS-08901,app237,M-AdvancedPath, $210.00 ,AD_SERVER,AD_SERVER,Techops,NA
18390,Project Y -- Glam Media,76388,,cshdp28,M-AdvancedPath - Upgrade RAM to 16 GB Total, $-   ,,,,
18390,Project Y -- Glam Media,69956,AS-08897,app236,M-AdvancedPath, $210.00 ,AD_SERVER,AD_SERVER,Techops,NA
18390,Project Y -- Glam Media,76392,,cshdp29,M-AdvancedPath - Upgrade RAM to 16 GB Total, $-   ,,,,
18390,Project Y -- Glam Media,69953,AS-08896,app235,M-AdvancedPath, $210.00 ,AD_SERVER,AD_SERVER,Techops,NA
18390,Project Y -- Glam Media,76396,,cshdp30,M-AdvancedPath - Upgrade RAM to 16 GB Total, $-   ,,,,
18390,Project Y -- Glam Media,69950,AS-08895,app234,M-AdvancedPath, $210.00 ,AD_SERVER,AD_SERVER,Techops,NA
18390,Project Y -- Glam Media,76400,,cshdp31,M-AdvancedPath - Upgrade RAM to 16 GB Total, $-   ,,,,
18390,Project Y -- Glam Media,73011,AS-08893,app233,M-AdvancedPath, $210.00 ,AD_SERVER,AD_SERVER,Techops,NA
18390,Project Y -- Glam Media,76405,,cshdp32,M-AdvancedPath - Upgrade RAM to 16 GB Total, $-   ,,ADServer,,
18390,Project Y -- Glam Media,69944,AS-08891,app232,M-AdvancedPath, $210.00 ,AD_SERVER,AD_SERVER,Techops,NA
18390,Project Y -- Glam Media,76409,,cshdp33,M-AdvancedPath - Upgrade RAM to 16 GB Total, $-   ,,ADServer,,
18390,Project Y -- Glam Media,69941,AS-08585,app231,M-AdvancedPath, $210.00 ,AD_SERVER,AD_SERVER,Techops,app230 was present double with CRID 73005   and 69941
18390,Project Y -- Glam Media,76413,,cshdp34,M-AdvancedPath - Upgrade RAM to 16 GB Total, $-   ,,ADServer,,
18390,Project Y -- Glam Media,69938,AS-08888,app230,M-AdvancedPath, $210.00 ,AD_SERVER,AD_SERVER,Techops,app230 was present double with CRID 73002  and 69938
18390,Project Y -- Glam Media,76417,,cshdp35,M-AdvancedPath - Upgrade RAM to 16 GB Total, $-   ,,ADServer,,
18390,Project Y -- Glam Media,69935,AS-08887,app229,M-AdvancedPath, $210.00 ,AD_SERVER,AD_SERVER,Techops,NA
18390,Project Y -- Glam Media,76421,,cshdp36,M-AdvancedPath - Upgrade RAM to 16 GB Total, $-   ,,,,
18390,Project Y -- Glam Media,69932,AS-08886,app228,M-AdvancedPath, $210.00 ,AD_SERVER,AD_SERVER,Techops,NA
18390,Project Y -- Glam Media,76425,,cshdp37,M-AdvancedPath - Upgrade RAM to 16 GB Total, $-   ,,,,
18390,Project Y -- Glam Media,69929,AS-08882,app227,M-AdvancedPath, $210.00 ,AD_SERVER,AD_SERVER,Techops,NA
18390,Project Y -- Glam Media,76429,,cshdp38,M-AdvancedPath - Upgrade RAM to 16 GB Total, $-   ,,,,
18390,Project Y -- Glam Media,69926,AS-08881,app226,M-AdvancedPath, $210.00 ,AD_SERVER,AD_SERVER,Techops,NA
18390,Project Y -- Glam Media,76433,,cshdp39,M-AdvancedPath - Upgrade RAM to 16 GB Total, $-   ,,,,
18390,Project Y -- Glam Media,69923,AS-08880,app225,M-AdvancedPath, $210.00 ,AD_SERVER,AD_SERVER,Techops,NA
18390,Project Y -- Glam Media,76437,,cshdp40,M-AdvancedPath - Upgrade RAM to 16 GB Total, $-   ,,,,
18390,Project Y -- Glam Media,69920,AS-08900,app224,M-AdvancedPath, $210.00 ,AD_SERVER,AD_SERVER,Techops,NA
18390,Project Y -- Glam Media,76441,,cshdp41,M-AdvancedPath - Upgrade RAM to 16 GB Total, $-   ,,,,
18390,Project Y -- Glam Media,69917,AS-08899,app223,M-AdvancedPath, $210.00 ,AD_SERVER,AD_SERVER,Techops,NA
18390,Project Y -- Glam Media,76445,,cshdp42,M-AdvancedPath - Upgrade RAM to 16 GB Total, $-   ,,,,
18390,Project Y -- Glam Media,69914,AS-08898,app222,M-AdvancedPath, $210.00 ,AD_SERVER,AD_SERVER,Techops,NA
18390,Project Y -- Glam Media,76449,,cshdp43,M-AdvancedPath - Upgrade RAM to 16 GB Total, $-   ,,,,
18390,Project Y -- Glam Media,69911,AS-08894,app221,M-AdvancedPath, $210.00 ,AD_SERVER,AD_SERVER,Techops,NA
18390,Project Y -- Glam Media,76453,,cshdp44,M-AdvancedPath - Upgrade RAM to 16 GB Total, $-   ,,,,
18390,Project Y -- Glam Media,69908,AS-08892,app220,M-AdvancedPath, $210.00 ,AD_SERVER,AD_SERVER,Techops,NA
18390,Project Y -- Glam Media,76457,,cshdp45,M-AdvancedPath - Upgrade RAM to 16 GB Total, $-   ,,,,
18390,Project Y -- Glam Media,69905,AS-08889,app219,M-AdvancedPath, $210.00 ,Tools,NTS,NTS,NTS and Tools Colo Server
18390,Project Y -- Glam Media,76461,,cshdp46,M-AdvancedPath - Upgrade RAM to 16 GB Total, $-   ,,,,
18390,Project Y -- Glam Media,69901,AS-08885,app218,M-AdvancedPath, $210.00 ,Jira,OPS,Techops,Jira Confluence Server
18390,Project Y -- Glam Media,76465,,cshdp47,M-AdvancedPath - Upgrade RAM to 16 GB Total, $-   ,,,,
18390,Project Y -- Glam Media,69898,AS-08884,app217,M-AdvancedPath, $210.00 ,Nagios,OPS,Techops,NA
18390,Project Y -- Glam Media,76469,,cshdp48,M-AdvancedPath - Upgrade RAM to 16 GB Total, $-   ,,,,
18390,Project Y -- Glam Media,69893,AS-08883,app216,M-AdvancedPath, $210.00 ,Tableau,Tableau,Tableau,NA
18390,Project Y -- Glam Media,76473,,cshdp49,M-AdvancedPath - Upgrade RAM to 16 GB Total, $-   ,,,,
18390,Project Y -- Glam Media,69887,AS-08922,app215,M-AdvancedPath, $210.00 ,Tableau,Tableau,Tableau,NA
18390,Project Y -- Glam Media,76477,,cshdp50,M-AdvancedPath - Upgrade RAM to 16 GB Total, $-   ,,,,
18390,Project Y -- Glam Media,67175,AS-05716,app214,M-UltraPath 3000 Server, $125.00 ,GlamAdapt UI Server,ADE,ADE,NA
18390,Project Y -- Glam Media,67173,AS-05754,app213,M-UltraPath 3000 Server, $125.00 ,GlamAdapt UI Server,ADE,ADE,NA
18390,Project Y -- Glam Media,67171,AS-05764,app212,M-UltraPath 3000 Server, $125.00 ,GlamAdapt UI Server,ADE,ADE,NA
18390,Project Y -- Glam Media,67169,AS-05628,app211,M-UltraPath 3000 Server, $125.00 ,Log Download,GlamAdapt,GlamAdapt,NA
18390,Project Y -- Glam Media,78307,,app265,M-AdvancedPath - Upgrade RAM to 16 GB Total, $-   ,,,,
18390,Project Y -- Glam Media,67167,AS-05485,app210,M-UltraPath 3000 Server, $125.00 ,Log Download,GlamAdapt,GlamAdapt,NA
18390,Project Y -- Glam Media,78310,,app266,M-AdvancedPath - Upgrade RAM to 16 GB Total, $-   ,,,,
18390,Project Y -- Glam Media,67165,AS-05793,app209,M-UltraPath 3000 Server, $125.00 ,adportal,adportal,Techops,NA
18390,Project Y -- Glam Media,78313,,app267,M-AdvancedPath - Upgrade RAM to 16 GB Total, $-   ,,adportal,,
18390,Project Y -- Glam Media,67163,AS-05131,app208,M-UltraPath 3000 Server, $125.00 ,adportal,adportal,Techops,NA
18390,Project Y -- Glam Media,78316,,app268,M-AdvancedPath - Upgrade RAM to 16 GB Total, $-   ,,adportal,,
18390,Project Y -- Glam Media,67161,AS-05186,app207,M-UltraPath 3000 Server, $125.00 ,adportal,adportal,Techops,NA
18390,Project Y -- Glam Media,78319,,app269,M-AdvancedPath - Upgrade RAM to 16 GB Total, $-   ,,,,
18390,Project Y -- Glam Media,67159,AS-05484,app206,M-UltraPath 3000 Server, $125.00 ,adportal,adportal,Techops,NA
18390,Project Y -- Glam Media,78322,,app270,M-AdvancedPath - Upgrade RAM to 16 GB Total, $-   ,,adportal,,
18390,Project Y -- Glam Media,67157,AS-05482,app205,M-UltraPath 3000 Server, $125.00 ,adportal,adportal,Techops,NA
18390,Project Y -- Glam Media,78325,,app271,M-AdvancedPath - Upgrade RAM to 16 GB Total, $-   ,,adportal,,
18390,Project Y -- Glam Media,66995,AS-07973,app204,M-AdvancedPath, $210.00 ,SqlStream Server,Database,Techops,NA
18390,Project Y -- Glam Media,78328,,app272,M-AdvancedPath - Upgrade RAM to 16 GB Total, $-   ,,,,
18390,Project Y -- Glam Media,66992,AS-07979,app203,M-AdvancedPath, $210.00 ,AD_SERVER,AD_SERVER,Techops,NA
18390,Project Y -- Glam Media,78331,,app273,M-AdvancedPath - Upgrade RAM to 16 GB Total, $-   ,,,,
18390,Project Y -- Glam Media,66989,AS-07981,app202,M-AdvancedPath, $210.00 ,AD_SERVER,AD_SERVER,Techops,NA
18390,Project Y -- Glam Media,78334,,app274,M-AdvancedPath - Upgrade RAM to 16 GB Total, $-   ,,,,
18390,Project Y -- Glam Media,66986,AS-07978,app201,M-AdvancedPath, $210.00 ,Sortdb ,ADServer,Techops,Sortdb sync server
18390,Project Y -- Glam Media,78721,,csdb01,M-AdvancedPath - Upgrade 2x500 GB to 2x2 TB HD RAID 1, $-   ,,,,
18390,Project Y -- Glam Media,78722,,csdb01,M-AdvancedPath - Upgrade 2x500 GB to 2x2 TB HD RAID 1, $-   ,,,,
18390,Project Y -- Glam Media,78723,,csdb01,M-AdvancedPath - Upgrade RAM to 16 GB Total, $-   ,,,,
18390,Project Y -- Glam Media,66983,AS-07976,app200,M-AdvancedPath, $210.00 ,AD_SERVER,AD_SERVER,Techops,NA
18390,Project Y -- Glam Media,78726,,csdb02,M-AdvancedPath - Upgrade 2x500 GB to 2x2 TB HD RAID 1, $-   ,,,,
18390,Project Y -- Glam Media,78727,,csdb02,M-AdvancedPath - Upgrade 2x500 GB to 2x2 TB HD RAID 1, $-   ,,,,
18390,Project Y -- Glam Media,78728,,csdb02,M-AdvancedPath - Upgrade RAM to 16 GB Total, $-   ,,,,
18390,Project Y -- Glam Media,66980,AS-07980,app199,M-AdvancedPath, $210.00 ,AP Processor,NTS,NTS,NA
18390,Project Y -- Glam Media,78731,,csdb03,M-AdvancedPath - Upgrade 2x500 GB to 2x2 TB HD RAID 1, $-   ,,,,
18390,Project Y -- Glam Media,78732,,csdb03,M-AdvancedPath - Upgrade 2x500 GB to 2x2 TB HD RAID 1, $-   ,,,,
18390,Project Y -- Glam Media,78733,,csdb03,M-AdvancedPath - Upgrade RAM to 16 GB Total, $-   ,,,,
18390,Project Y -- Glam Media,66977,AS-07983,app198,M-AdvancedPath, $210.00 ,Sync Queen,ADServer,Techops,NA
18390,Project Y -- Glam Media,78736,,csdb04,M-AdvancedPath - Upgrade 2x500 GB to 2x2 TB HD RAID 1, $-   ,,,,
18390,Project Y -- Glam Media,78737,AS-10389,csdb06,M-AdvancedPath - Upgrade 2x500 GB to 2x2 TB HD RAID 1, $-   ,,,,
18390,Project Y -- Glam Media,78738,,csdb06,M-AdvancedPath - Upgrade RAM to 16 GB Total, $-   ,,,,
18390,Project Y -- Glam Media,66974,AS-07982,app197,M-AdvancedPath, $210.00 ,AD_SERVER,AD_SERVER,Techops,NA
18390,Project Y -- Glam Media,78811,,csdb05,M-AdvancedPath - Upgrade RAM to 16 GB Total, $-   ,,,,
18390,Project Y -- Glam Media,78812,,csdb05,3235.1589:M-AdvancedPath - Upgrade 2x500 GB to 4x2 TB HD no RAID 5, $-   ,,,,
18390,Project Y -- Glam Media,66971,AS-07974,app196,M-AdvancedPath, $210.00 ,AD_SERVER,AD_SERVER,Techops,NA
18390,Project Y -- Glam Media,78815,,csdb06,M-AdvancedPath - Upgrade RAM to 16 GB Total, $-   ,,,,
18390,Project Y -- Glam Media,78816,,csdb06,3235.1589:M-AdvancedPath - Upgrade 2x500 GB to 4x2 TB HD no RAID 5, $-   ,,,,
18390,Project Y -- Glam Media,66968,AS-07988 ,app195,M-AdvancedPath, $210.00 ,AD_SERVER,AD_SERVER,Techops,NA
18390,Project Y -- Glam Media,66965,AS-07985,app194,M-AdvancedPath, $210.00 ,AD_SERVER,AD_SERVER,Techops,NA
18390,Project Y -- Glam Media,66962,AS-07975,app193,M-AdvancedPath, $210.00 ,Hadoop-Dev Box,Hadoop,Hadoop,Hadoop Dev Cluster
18390,Project Y -- Glam Media,66959,AS-10157,app192,M-AdvancedPath, $210.00 ,Studio,Studio,,ESXI host ( multiple machine)
18390,Project Y -- Glam Media,66956,AS-07986,app191,M-AdvancedPath, $210.00 ,Hydra,Hydra,Hydra,ESXI host ( multiple machine)
18390,Project Y -- Glam Media,66953,AS-07987,app190,M-AdvancedPath, $210.00 ,AtakoServer,Ops,Techops,ESXI host ( multiple machine)
18390,Project Y -- Glam Media,64235,AS-08170,app189,M-AdvancedPath, $210.00 ,Dev,Ops,Techops,ESXI host ( multiple machine)
18390,Project Y -- Glam Media,64232,AS-08161,app188,M-AdvancedPath, $210.00 ,YUM server,OPS,Techops,ESXI host
18390,Project Y -- Glam Media,64229,AS-08159,app187,M-AdvancedPath, $210.00 ,Studio,Studio,studio,ESXI host
18390,Project Y -- Glam Media,64226,AS-08168,app186,M-AdvancedPath, $210.00 ,AIP1 MEMCACHED,AIP,AIP,Present in glamadapt_config.php
18390,Project Y -- Glam Media,64223,AS-08082,app185,M-AdvancedPath, $210.00 ,TPA MEMCACHED,AD_SERVER,Techops,Present in glamadapt_config.php
18390,Project Y -- Glam Media,64220,AS-08162,app184,M-AdvancedPath, $210.00 ,AIP MEMCACHED,AIP,Techops,Present in glamadapt_config.php
18390,Project Y -- Glam Media,64217,AS-08160,app183,M-AdvancedPath, $210.00 ,SyncQueen,AD_SERVER,Techops,NA
18390,Project Y -- Glam Media,64214,AS-08176,app182,M-AdvancedPath, $210.00 ,AD_SERVER,AD_SERVER,Techops,NA
18390,Project Y -- Glam Media,64211,AS-08165,app181,M-AdvancedPath, $210.00 ,AD_SERVER,AD_SERVER,Techops,NA
18390,Project Y -- Glam Media,64208,AS-08172,app180,M-AdvancedPath, $210.00 ,AD_SERVER,AD_SERVER,Techops,NA
18390,Project Y -- Glam Media,64205,AS-08164,app179,M-AdvancedPath, $210.00 ,URL MEMCACHED,AD_SERVER,Techops,Present in glamadapt_config.php
18390,Project Y -- Glam Media,64202,AS-08163,app178,M-AdvancedPath, $210.00 ,AD_SERVER,AD_SERVER,Techops,NA
18390,Project Y -- Glam Media,64199,AS-08173,app177,M-AdvancedPath, $210.00 ,AD_SERVER,AD_SERVER,Techops,NA
18390,Project Y -- Glam Media,64196,AS-08179,app176,M-AdvancedPath, $210.00 ,AD_SERVER,AD_SERVER,Techops,NA
18390,Project Y -- Glam Media,64193,AS-08178,app175,M-AdvancedPath, $210.00 ,AD_SERVER,AD_SERVER,Techops,NA
18390,Project Y -- Glam Media,64190,AS-08180,app174,M-AdvancedPath, $210.00 ,AD_SERVER,AD_SERVER,Techops,NA
18390,Project Y -- Glam Media,64187,AS-08177,app173,M-AdvancedPath, $210.00 ,AD_SERVER,AD_SERVER,Techops,NA
18390,Project Y -- Glam Media,64184,AS-08175,app172,M-AdvancedPath, $210.00 ,AD_SERVER,AD_SERVER,Techops,NA
18390,Project Y -- Glam Media,64181,AS-08169,app171,M-AdvancedPath, $210.00 ,AD_SERVER,AD_SERVER,Techops,NA
18390,Project Y -- Glam Media,64178,AS-08183,app170,M-AdvancedPath, $210.00 ,AD_SERVER,AD_SERVER,Techops,NA
18390,Project Y -- Glam Media,64175,AS-08182,app169,M-AdvancedPath, $210.00 ,SES MEMCACHED,AD_SERVER,Techops,Present in glamadapt_config.php
18390,Project Y -- Glam Media,64172,AS-08181,app168,M-AdvancedPath, $210.00 ,AD_SERVER,AD_SERVER,Techops,NA
18390,Project Y -- Glam Media,64169,AS-08174,app167,M-AdvancedPath, $210.00 ,AD_SERVER,AD_SERVER,Techops,NA
18390,Project Y -- Glam Media,64166,AS-08171,app166,M-AdvancedPath, $210.00 ,AD_SERVER,AD_SERVER,Techops,NA
18390,Project Y -- Glam Media,64163,AS-08167,app165,M-AdvancedPath, $210.00 ,AD_SERVER,AD_SERVER,Techops,NA
18390,Project Y -- Glam Media,64160,AS-08155,app164,M-AdvancedPath, $210.00 ,AD_SERVER,AD_SERVER,Techops,NA
18390,Project Y -- Glam Media,64157,AS-08153,app163,M-AdvancedPath, $210.00 ,Sync Queen,AD_SERVER,Techops,NA
18390,Project Y -- Glam Media,64154,AS-08158,app162,M-AdvancedPath, $210.00 ,AD_SERVER,AD_SERVER,Techops,www30a7.glam.com
18390,Project Y -- Glam Media,64151,AS-08156,app161,M-AdvancedPath, $210.00 ,AD_SERVER_Test,AD_SERVER,Techops,"LXC host, Test AD server"
18390,Project Y -- Glam Media,64148,AS-08154,app160,M-AdvancedPath, $210.00 ,AD_SERVER,AD_SERVER,Techops,www30a7.glam.com
18390,Project Y -- Glam Media,64145,AS-08157,app159,M-AdvancedPath, $210.00 ,AD_SERVER,AD_SERVER,Techops,www30t1
18390,Project Y -- Glam Media,64142,AS-08149,app158,M-AdvancedPath, $210.00 ,AD_SERVER,AD_SERVER,Techops,www30t1
18390,Project Y -- Glam Media,64139,AS-08150,app157,M-AdvancedPath, $210.00 ,AD_SERVER,AD_SERVER,Techops,www30t1
18390,Project Y -- Glam Media,64136,AS-08151,app156,M-AdvancedPath, $210.00 ,AD_SERVER,AD_SERVER,Techops,www30t1
18390,Project Y -- Glam Media,64133,AS-08152,app155,M-AdvancedPath, $210.00 ,AD_SERVER,AD_SERVER,Techops,www30t1
18390,Project Y -- Glam Media,59428,AS-06139,app154,M-UltraPath 3000 Server, $235.00 ,Hydra,Hydra,Hydra,Hydra Zig file parser
18390,Project Y -- Glam Media,59425,AS-05870,app153,M-UltraPath 3000 Server, $235.00 ,Elastic Search,Consumer,Consumer,NA
18390,Project Y -- Glam Media,59422,AS-05802,app152,M-UltraPath 3000 Server, $235.00 ,Hydra,Hydra,Hydra,LXC host
18390,Project Y -- Glam Media,59419,AS-05180,app151,M-UltraPath 3000 Server, $235.00 ,Hydra,Hydra,Hydra,NA
18390,Project Y -- Glam Media,59416,AS-05483,app150,M-UltraPath 3000 Server, $235.00 ,Consumer_Products,Studio,studio,"Consumer Products - Infrastructure Dev, LXC host"
18390,Project Y -- Glam Media,59413,AS-05481,app149,M-UltraPath 3000 Server, $235.00 ,AD_SERVER,AD_SERVER,Techops,www30t1.glam.com
18390,Project Y -- Glam Media,59410,AS-05184,app148,M-UltraPath 3000 Server, $235.00 ,Studio,Studio,studio,LXC host
18390,Project Y -- Glam Media,59407,AS-05346,app147,M-UltraPath 3000 Server, $235.00 ,Studio-DB,Studio,studio,NA
18390,Project Y -- Glam Media,59404,AS-05177,app146,M-UltraPath 3000 Server, $235.00 ,Studio-DB,Studio,studio,NA
18390,Project Y -- Glam Media,59401,AS-05145,app145,M-UltraPath 3000 Server, $235.00 ,SyncQueen,ADServer,Techops,NA
18390,Project Y -- Glam Media,59398,AS-05338,app144,M-UltraPath 3000 Server, $235.00 ,SyncQueen,ADServer,Techops,NA
18390,Project Y -- Glam Media,59395,AS-05144,app143,M-UltraPath 3000 Server, $235.00 ,ADQ-Backup,ADQ,ADQ,NA
18390,Project Y -- Glam Media,59392,AS-05122,app142,M-UltraPath 3000 Server, $235.00 ,Scheduler ,ADQ,ADQ,NA
18390,Project Y -- Glam Media,59389,AS-05114,app141,M-UltraPath 3000 Server, $235.00 ,AIP backup,AIP,AIP,NA
18390,Project Y -- Glam Media,59386,AS-05124,app140,M-UltraPath 3000 Server, $235.00 ,AIPMaster,AIP,AIP,NA
18390,Project Y -- Glam Media,45270,AS-05665,app139,M-AdvancedPath, $185.00 ,Sortdb Sync Server,ADServer,Techops,NA
18390,Project Y -- Glam Media,45255,AS-05366,app138,M-AdvancedPath, $185.00 ,Rich_Media,Rich_Media,Rich_Media,NA
18390,Project Y -- Glam Media,45216,AS-04419 ,app137,M-AdvancedPath, $185.00 ,Cache Generator,Studio,studio,NA
18390,Project Y -- Glam Media,45249,AS-05405,app136,M-AdvancedPath, $185.00 ,Aggregator,Rich_Media,Rich_Media,NA
18390,Project Y -- Glam Media,45219,AS-04370,app135,M-AdvancedPath, $185.00 ,File Server,Ops,Techops,NA
18390,Project Y -- Glam Media,45243,AS-03536,app134 ,M-AdvancedPath, $185.00 ,AIPDEV,AIP,AIP,AIP Dev Server
18390,Project Y -- Glam Media,45225,AS-03677,app133,M-AdvancedPath, $185.00 ,Hydra,Hydra,Hydra,NA
18390,Project Y -- Glam Media,45240,AS-05404,app132,M-AdvancedPath, $185.00 ,Hydra,Hydra,Hydra,NA
18390,Project Y -- Glam Media,45246,AS-05477,app131,M-AdvancedPath, $185.00 ,Glam Mobile,Glam Mobile,Glam Mobile,NA
18390,Project Y -- Glam Media,45231,AS-03788,app130,M-AdvancedPath, $185.00 ,Glam Mobile,Glam Mobile,Glam Mobile,NA
 ,Project Y -- Glam Media,45267,AS-05272,app129,M-AdvancedPath, $185.00 ,Elastic Search,Consumer,Consumer,NA
18390,Project Y -- Glam Media,45234,AS-04295,app128,M-AdvancedPath, $185.00 ,Dev,Adapt,Adapt,All team Dev Box
18390,Project Y -- Glam Media,`,AS-04022,app127,M-AdvancedPath, $185.00 ,Elastic Search,Consumer,Consumer,NA
18390,Project Y -- Glam Media,45222,AS-08079,app126,M-AdvancedPath, $185.00 ,Hydra,Hydra,Hydra,LXC host
18390,Project Y -- Glam Media,45237,AS-04381,app125,M-AdvancedPath, $185.00 ,Hydra,Hydra,Hydra,NA
18390,Project Y -- Glam Media,45213,AS-05168,app124,M-AdvancedPath, $185.00 ,NTS,NTS,NTS,NTS staging
18390,Project Y -- Glam Media,45189,AS-03753 ,app123,M-AdvancedPath, $185.00 ,Glamadapt,Glamadapt,Glamadapt,NA
18390,Project Y -- Glam Media,45258,AS-05118 ,app122,M-AdvancedPath, $185.00 ,Ad Server-Dev,Adserver,Techops,Dev Box for Adserver
18390,Project Y -- Glam Media,45273,AS-05875,app121,M-AdvancedPath, $185.00 ,Hydra,Hydra,Hydra,LXC host
18390,Project Y -- Glam Media,45204,AS-05280,app120,M-AdvancedPath, $185.00 ,Testrail,Studio,studio,NA
18390,Project Y -- Glam Media,45192,AS-04559,app119,M-AdvancedPath, $185.00 ,GlamAdapt FTP,GlamAdapt,GlamAdapt,NA
18390,Project Y -- Glam Media,45207,AS-04477,app118,M-AdvancedPath, $185.00 ,AtakoServer,Atako,Techops,"Glam Social Ad,apps.glam.com"
18390,Project Y -- Glam Media,45177,AS-03358,app117,M-AdvancedPath, $185.00 ,Log Download,GlamAdapt,GlamAdapt,NA
18390,Project Y -- Glam Media,45186,AS-05824,app116,M-AdvancedPath, $185.00 ,GlamAdapt,GlamAdapt,GlamAdapt,NA
18390,Project Y -- Glam Media,45201,AS-07161 ,app115,M-AdvancedPath, $185.00 ,Hadoop-Dev Box,Hadoop,Hadoop,Hadoop Dev Cluster
18390,Project Y -- Glam Media,45261,AS-04368,app114,M-AdvancedPath, $185.00 ,Rich_Media,Rich_Media,Rich_Media,NA
18390,Project Y -- Glam Media,45252,AS-05322,app113,M-AdvancedPath, $185.00 ,File Server,OPS,Techops,fileserver/images.glam.com
18390,Project Y -- Glam Media,45210,AS-03663 ,app112,M-AdvancedPath, $185.00 ,AtakoServer,Atako,Techops,"Glam Social Ad,apps.glam.com"
18390,Project Y -- Glam Media,45195,AS-03631,app111,M-AdvancedPath, $185.00 ,OMS,ADE,OMS,NA
18390,Project Y -- Glam Media,45264,AS-3503,app110,M-AdvancedPath, $185.00 ,GlamAdapt UI,ADE,ADE,NA
18390,Project Y -- Glam Media,45198,AS-05248,app109,M-AdvancedPath, $185.00 ,id,NTS,NTS,id.glam.com id.brash.com id.glam.de ( Special Password for security)
18390,Project Y -- Glam Media,45171,AS-05902,app108,M-AdvancedPath, $185.00 ,cece,NTS,NTS,Insider/Insight/Evolution/Cece LIVE 
18390,Project Y -- Glam Media,45183,AS-05908,app107,M-AdvancedPath, $185.00 ,cece,NTS,NTS,Insider/Insight/Evolution/Cece LIVE 
18390,Project Y -- Glam Media,45180,AS-05247,app106,M-AdvancedPath, $185.00 ,cece,NTS,NTS,Insider/Insight/Evolution/Cece LIVE 
18390,Project Y -- Glam Media,45174,AS-04488,app105,M-AdvancedPath, $185.00 ,cece,NTS,NTS,Insider/Insight/Evolution/Cece LIVE 
18390,Project Y -- Glam Media,45156,AS-03989,app104,M-AdvancedPath, $185.00 ,AdSolutions ,ADServer,Techops,NA
18390,Project Y -- Glam Media,45165,AS-03746,app103,M-AdvancedPath, $185.00 ,Studio,Studio,studio,Staging
18390,Project Y -- Glam Media,45144,AS-03676,app102,M-AdvancedPath, $185.00 ,Blogs Admin,NTS,NTS,NA
18390,Project Y -- Glam Media,45168,AS-03669,app101,M-AdvancedPath, $185.00 ,Blogs Admin,NTS,NTS,NA
18390,Project Y -- Glam Media,45141,AS-3550,app100,M-AdvancedPath, $185.00 ,Blogs Admin,NTS,NTS,NA
